{
  "users": [
    {
        "id":0,
        "name":"admin",
        "email":"sonvanesaurabh77@gmail.com",
        "password":"admin"
    },
    {
      "id": 1,
      "name": "Narayan Dutta2",
      "email": "narayan69@gmail.com",
      "password": "SaurabhxSanket",
      "hackerRank": "https://www.hackerrank.com/riteshRanjan?hr_r=1",
      "codeChef": "https://www.codechef.com/users/ritesranjan247",
      "gfg": "https://auth.geeksforgeeks.org/user/riteshranjan/practice/",
      "totalScore": 44,
      "quizScores": {
        "python": 33,
        "cpp": 21
      }
    },
    {
      "id": 2,
      "name": "Narayan Dutta2",
      "email": "narayan691@gmail.com",
      "password": "SaurabhxSanket",
      "hackerRank": "https://www.hackerrank.com/riteshRanjan?hr_r=1",
      "codeChef": "https://www.codechef.com/users/ritesranjan247",
      "gfg": "https://auth.geeksforgeeks.org/user/riteshranjan/practice/",
      "totalScore": 44,
      "quizScores": {
        "python": 33,
        "oops": 21
      }
    },
    {
      "id": 3,
      "name": "Narayan Dutta3",
      "email": "narayan692@gmail.com",
      "password": "SaurabhxSanket",
      "hackerRank": "https://www.hackerrank.com/riteshRanjan?hr_r=1",
      "codeChef": "https://www.codechef.com/users/ritesranjan247",
      "gfg": "https://auth.geeksforgeeks.org/user/riteshranjan/practice/",
      "totalScore": 44,
      "quizScores": {
        "oops": 0,
        "python": 2
      }
    },
    {
      "name": "test",
      "email": "test@test.com",
      "password": "test",
      "id": 4,
      "totalScore": 33,
      "quizScores": {
        "oops": 0,
        "python": 2
      }
    },
    {
      "name": "a",
      "email": "a@b.com",
      "password": "avc",
      "id": 5,
      "totalScore": 50,
      "quizScores": {
        "oops": 38,
        "python": 2
      }
    },
    {
      "name": "a2",
      "email": "a",
      "password": "a",
      "id": 6,
      "totalScore": 88,
      "quizScores": {
        "oops": 0,
        "python": 2
      }
    },
    {
      "name": "hero",
      "email": "hero@hero.com",
      "password": "hero",
      "id": 7,
      "totalScore": 2,
      "quizScores": {
        "oops": 0,
        "python": 2
      }
    },
    {
      "name": "test",
      "email": "welot26890@mitigado.com",
      "password": "test",
      "totalScore": 0,
      "quizScores": {},
      "id": 25
    },
    {
      "name": "123",
      "email": "welot26890@mitigado.com",
      "password": "123",
      "totalScore": 0,
      "quizScores": {},
      "id": 26
    },
    {
      "name": "Soumya Swaroop Sootar",
      "email": "soumyaswaroopsootar@gmail.com",
      "password": "abc",
      "totalScore": 10,
      "quizScores": {
        "java": 9,
        "cpp": 1
      },
      "id": 27,
      "college": "CAET",
      "mobile": "08144947243",
      "city": "Bhubaneswar",
      "github": "",
      "hackerRank": "",
      "codeChef": "",
      "gfg": ""
    },
    {
      "name": "soumya",
      "email": "soumyaswaroopsootar@gmail.com",
      "password": "1234",
      "totalScore": 0,
      "quizScores": {},
      "id": 27
    },
    {
      "name": "anurag",
      "email": "jedenav968@duiter.com",
      "password": "123",
      "totalScore": 0,
      "quizScores": {},
      "id": 28,
      "college": "123",
      "mobile": "123",
      "city": "1231",
      "github": "12312312",
      "hackerRank": "23232",
      "codeChef": "32232",
      "gfg": "1232323"
    }
  ],
  "mcq": [
    {
      "question": "What is the implicit return type of constructor?",
      "optionA": "No return type",
      "optionB": "A class object in which it is defined.",
      "optionC": "void ",
      "multipleAnswers": "false",
      "optionD": "none",
      "answerA": "false",
      "answerB": "true",
      "answerC": "false",
      "answerD": "false",
      "category": "oops",
      "id": 1
    },
    {
      "question": "When is the object created with a new keyword?",
      "optionA": "At run time",
      "optionB": "At compile time",
      "optionC": "Depends on the code",
      "optionD": "None",
      "multipleAnswers": "false",
      "answerA": "true",
      "answerB": "false",
      "answerC": "false",
      "answerD": "false",
      "category": "oops",
      "id": 2
    },
    {
      "question": "Identify the incorrect constructor type.",
      "optionA": "Friend constructor",
      "optionB": "Default constructor",
      "optionC": "Parameterized constructor",
      "optionD": "Copy constructor",
      "multipleAnswers": "false",
      "answerA": "true",
      "answerB": "false",
      "answerC": "false",
      "answerD": "false",
      "category": "oops",
      "id": 3
    },
    {
      "question": "Identify the scope resolution operator.",
      "optionA": ":",
      "optionB": "::",
      "optionC": "?:",
      "optionD": "None",
      "multipleAnswers": "false",
      "answerA": "false",
      "answerB": "true",
      "answerC": "false",
      "answerD": "false",
      "category": "oops",
      "id": 4
    },
    {
      "question": "Choose the option below which is not a member of the class",
      "optionA": "Friend function",
      "optionB": "Static function",
      "optionC": "Virtual function",
      "optionD": "Const function",
      "multipleAnswers": "false",
      "answerA": "true",
      "answerB": "false",
      "answerC": "false",
      "answerD": "false",
      "category": "oops",
      "id": 5
    },
    {
      "question": "Total types of constructors in C++ are?",
      "optionA": "1",
      "optionB": "2",
      "optionC": "3",
      "optionD": "4",
      "multipleAnswers": "false",
      "answerA": "false",
      "answerB": "false",
      "answerC": "true",
      "answerD": "false",
      "category": "oops",
      "id": 6
    },
    {
      "question": "What is the number of parameters that a default constructor requires?",
      "optionA": "0",
      "optionB": "1",
      "optionC": "2",
      "optionD": "3",
      "multipleAnswers": "false",
      "answerA": "true",
      "answerB": "false",
      "answerC": "false",
      "answerD": "false",
      "category": "oops",
      "id": 7
    },
    {
      "question": "Data members and member functions of a class are private. default. True or False?",
      "optionA": "True",
      "optionB": "False",
      "optionC": "Depends on code",
      "optionD": "None",
      "multipleAnswers": "false",
      "answerA": "true",
      "answerB": "false",
      "answerC": "false",
      "answerD": "false",
      "category": "oops",
      "id": 8
    },
    {
      "question": "Under which pillar of OOPS do base class and derived class relationships come?",
      "optionA": "Polymorphism",
      "optionB": "Inheritance",
      "optionC": "Encapsulation",
      "optionD": "Abstraction",
      "multipleAnswers": "false",
      "answerA": "false",
      "answerB": "true",
      "answerC": "false",
      "answerD": "false",
      "category": "oops",
      "id": 9
    },
    {
      "question": "Which of the following functions can be inherited from the base class?",
      "optionA": "Constructor",
      "optionB": "Destructor",
      "optionC": "Static",
      "optionD": "None",
      "multipleAnswers": "false",
      "answerA": "false",
      "answerB": "false",
      "answerC": "false",
      "answerD": "true",
      "category": "oops",
      "id": 10
    },
    {
      "question": "Which of the following is not a type of inheritance?",
      "optionA": "Multiple",
      "optionB": "Multilevel",
      "optionC": "Distributed",
      "optionD": "Hierarchical",
      "multipleAnswers": "false",
      "answerA": "false",
      "answerB": "false",
      "answerC": "true",
      "answerD": "false",
      "category": "oops",
      "id": 11
    },
    {
      "question": "What is an object in c++?",
      "optionA": "It is a function of class",
      "optionB": "It is an instance of the class",
      "optionC": "It is the data type of class",
      "optionD": "It is part of the syntax of class.",
      "multipleAnswers": "false",
      "answerA": "false",
      "answerB": "true",
      "answerC": "false",
      "answerD": "false",
      "category": "oops",
      "id": 12
    },
    {
      "question": "Why is reusability a desirable feature?",
      "optionA": "Reduces compilation time",
      "optionB": "Decreases testing time",
      "optionC": "Lowers maintenance cost",
      "optionD": "None",
      "multipleAnswers": "false",
      "answerA": "false",
      "answerB": "true",
      "answerC": "false",
      "answerD": "false",
      "category": "oops",
      "id": 13
    },
    {
      "question": "Identify the operators which cannot be overloaded.",
      "optionA": "?:",
      "optionB": ".(dot operator)",
      "optionC": ">>",
      "optionD": "Both A and B",
      "multipleAnswers": "false",
      "answerA": "false",
      "answerB": "false",
      "answerC": "true",
      "answerD": "false",
      "category": "oops",
      "id": 14
    },
    {
      "question": "Another name of overloading is?",
      "optionA": "Pseudo polymorphism",
      "optionB": "Transient polymorphism",
      "optionC": "Virtual polymorphism",
      "optionD": "Ad-hoc polymorphism",
      "multipleAnswers": "false",
      "answerA": "false",
      "answerB": "false",
      "answerC": "false",
      "answerD": "true",
      "category": "oops",
      "id": 15
    },
    {
      "question": "By default, fields in a structure of a C program is?",
      "optionA": "public",
      "optionB": "Private",
      "optionC": "protected",
      "optionD": "None",
      "multipleAnswers": "false",
      "answerA": "true",
      "answerB": "false",
      "answerC": "false",
      "answerD": "false",
      "category": "oops",
      "id": 16
    },
    {
      "question": "On what basis is it determined, when a variable comes into existence in memory?",
      "optionA": "Data type",
      "optionB": "Storage class",
      "optionC": "Scope",
      "optionD": "All of the above",
      "multipleAnswers": "false",
      "answerA": "false",
      "answerB": "true",
      "answerC": "false",
      "answerD": "false",
      "category": "oops",
      "id": 17
    },
    {
      "question": "Identify the feature using which, one object can interact with another object.",
      "optionA": "Message passing",
      "optionB": "Message reading",
      "optionC": "Data binding",
      "optionD": "Data transfer",
      "multipleAnswers": "false",
      "answerA": "true",
      "answerB": "false",
      "answerC": "false",
      "answerD": "false",
      "category": "oops",
      "id": 18
    },
    {
      "question": "Total access specifiers in OOPS for C++ are?",
      "optionA": "1",
      "optionB": "2",
      "optionC": "3",
      "optionD": "4",
      "multipleAnswers": "false",
      "answerA": "false",
      "answerB": "false",
      "answerC": "true",
      "answerD": "false",
      "category": "oops",
      "id": 19
    },
    {
      "question": "Choose the option below which can show polymorphism.",
      "optionA": " Overloading ||",
      "optionB": "Overloading <<",
      "optionC": "Overloading &&",
      "optionD": "Overloading +=",
      "multipleAnswers": "false",
      "answerA": "false",
      "answerB": "true",
      "answerC": "false",
      "answerD": "false",
      "category": "oops",
      "id": 20
    },
    {
      "question": "What is the full form of DBMS?",
      "optionA": " Data of Binary Management System",
      "optionB": " Database Management System",
      "optionC": " Database Management Service",
      "optionD": "Data Backup Management System",
      "multipleAnswers": "false",
      "answerA": "false",
      "answerB": "true",
      "answerC": "false",
      "answerD": "false",
      "category": "dbms",
      "id": 21
    },
    {
      "question": " What is a database?",
      "optionA": "Organized collection of information that cannot be accessed, updated, and managed",
      "optionB": "Collection of data or information without organizing",
      "optionC": "Organized collection of data or information that can be accessed, updated, and managed",
      "optionD": "Organized collection of data that cannot be updated",
      "multipleAnswers": "false",
      "answerA": "false",
      "answerB": "false",
      "answerC": "true",
      "answerD": "false",
      "category": "dbms",
      "id": 22
    },
    {
      "question": "What is DBMS?",
      "optionA": "DBMS is a collection of queries",
      "optionB": "DBMS is a high-level language",
      "optionC": "DBMS is a programming language",
      "optionD": "DBMS stores, modifies and retrieves data",
      "multipleAnswers": "false",
      "answerA": "false",
      "answerB": "false",
      "answerC": "false",
      "answerD": "true",
      "category": "dbms",
      "id": 23
    },
    {
      "question": "Who created the first DBMS?",
      "optionA": "Edgar Frank Codd",
      "optionB": "Charles Bachman",
      "optionC": "Charles Babbage",
      "optionD": "Sharon B. Codd",
      "multipleAnswers": "false",
      "answerA": "false",
      "answerB": "true",
      "answerC": "false",
      "answerD": "false",
      "category": "dbms",
      "id": 24
    },
    {
      "question": "Which type of data can be stored in the database?",
      "optionA": "Image oriented data",
      "optionB": "Text, files containing data",
      "optionC": "Data in the form of audio or video",
      "optionD": "All of the above",
      "multipleAnswers": "false",
      "answerA": "false",
      "answerB": "false",
      "answerC": "false",
      "answerD": "true",
      "category": "dbms",
      "id": 25
    },
    {
      "question": "In which of the following formats data is stored in the database management system?",
      "optionA": "Image",
      "optionB": "Text",
      "optionC": "Table",
      "optionD": "Graph",
      "multipleAnswers": "false",
      "answerA": "false",
      "answerB": "false",
      "answerC": "true",
      "answerD": "false",
      "category": "dbms",
      "id": 26
    },
    {
      "question": "Which of the following is not a type of database?",
      "optionA": "Hierarchical",
      "optionB": "Network",
      "optionC": "Distributed",
      "optionD": "Decentralized",
      "multipleAnswers": "false",
      "answerA": "false",
      "answerB": "false",
      "answerC": "false",
      "answerD": "true",
      "category": "dbms",
      "id": 27
    },
    {
      "question": " Which of the following is not an example of DBMS?",
      "optionA": "MySQL",
      "optionB": "Microsoft Acess",
      "optionC": "IBM DB2",
      "optionD": "Google",
      "multipleAnswers": "false",
      "answerA": "false",
      "answerB": "false",
      "answerC": "false",
      "answerD": "true",
      "category": "dbms",
      "id": 28
    },
    {
      "question": " Which of the following is a feature of DBMS?",
      "optionA": "Minimum Duplication and Redundancy of Data",
      "optionB": " High Level of Security",
      "optionC": "Single-user Access only",
      "optionD": "Support ACID Property",
      "multipleAnswers": "false",
      "answerA": "false",
      "answerB": "false",
      "answerC": "true",
      "answerD": "false",
      "category": "dbms",
      "id": 29
    },
    {
      "question": "Which of the following is a feature of the database?",
      "optionA": "No-backup for the data stored",
      "optionB": "User interface provided",
      "optionC": "Lack of Authentication",
      "optionD": "Store data in multiple locations",
      "multipleAnswers": "false",
      "answerA": "false",
      "answerB": "true",
      "answerC": "false",
      "answerD": "false",
      "category": "dbms",
      "id": 30
    },
    {
      "question": "Which of the following is not a function of the database?",
      "optionA": "Managing stored data",
      "optionB": "Manipulating data",
      "optionC": "Security for stored data",
      "optionD": "Analysing code",
      "multipleAnswers": "false",
      "answerA": "false",
      "answerB": "false",
      "answerC": "false",
      "answerD": "true",
      "category": "dbms",
      "id": 31
    },
    {
      "question": " Which of the following is a function of the DBMS? a) Storing data",
      "optionA": "Storing data",
      "optionB": "Providing multi-users access control",
      "optionC": "Data Integrity",
      "optionD": "All of the above",
      "multipleAnswers": "false",
      "answerA": "false",
      "answerB": "false",
      "answerC": "false",
      "answerD": "true",
      "category": "dbms",
      "id": 32
    },
    {
      "question": "Which of the following is a component of the DBMS?",
      "optionA": " Data",
      "optionB": "Data Languages",
      "optionC": "Data Manager",
      "optionD": "All of the above",
      "multipleAnswers": "false",
      "answerA": "false",
      "answerB": "false",
      "answerC": "false",
      "answerD": "true",
      "category": "dbms",
      "id": 33
    },
    {
      "question": "Which of the following is known as a set of entities of the same type that share same properties, or attributes?",
      "optionA": "Relation set",
      "optionB": "Tuples",
      "optionC": "Entity set",
      "optionD": "Entity Relation model",
      "multipleAnswers": "false",
      "answerA": "false",
      "answerB": "false",
      "answerC": "true",
      "answerD": "false",
      "category": "dbms",
      "id": 34
    },
    {
      "question": "What is information about data called?",
      "optionA": "Hyper data",
      "optionB": "Tera data",
      "optionC": "Meta data",
      "optionD": "Relations",
      "multipleAnswers": "false",
      "answerA": "false",
      "answerB": "false",
      "answerC": "true",
      "answerD": "false",
      "category": "dbms",
      "id": 35
    },
    {
      "question": "What does an RDBMS consist of?",
      "optionA": "Collection of Records",
      "optionB": "Collection of Keys",
      "optionC": "Collection of Tables",
      "optionD": "Collection of Fields",
      "multipleAnswers": "false",
      "answerA": "false",
      "answerB": "false",
      "answerC": "true",
      "answerD": "false",
      "category": "dbms",
      "id": 36
    },
    {
      "question": "The values appearing in given attributes of any tuple in the referencing relation must likewise occur in specified attributes of at least one tuple in the referenced relation, according to _____________________ integrity constraint.",
      "optionA": "Referential",
      "optionB": "Primary",
      "optionC": "Referencing",
      "optionD": "Specific",
      "multipleAnswers": "false",
      "answerA": "true",
      "answerB": "false",
      "answerC": "false",
      "answerD": "false",
      "category": "dbms",
      "id": 37
    },
    {
      "question": "_____________ is a hardware component that is most important for the operation of a database management system.",
      "optionA": "Microphone",
      "optionB": " High speed, large capacity disk to store data",
      "optionC": "High-resolution video display",
      "optionD": "Printer",
      "multipleAnswers": "false",
      "answerA": "false",
      "answerB": "true",
      "answerC": "false",
      "answerD": "false",
      "category": "dbms",
      "id": 38
    },
    {
      "question": "The DBMS acts as an interface between ________________ and ________________ of an enterprise-class system.",
      "optionA": " Data and the DBMS",
      "optionB": "Application and SQL",
      "optionC": "Database application and the database",
      "optionD": " The user and the software",
      "multipleAnswers": "false",
      "answerA": "false",
      "answerB": "false",
      "answerC": "true",
      "answerD": "false",
      "category": "dbms",
      "id": 39
    },
    {
      "question": " The ability to query data, as well as insert, delete, and alter tuples, is offered by ____________",
      "optionA": "TCL (Transaction Control Language)",
      "optionB": " DCL (Data Control Language)",
      "optionC": "DDL (Data Definition Langauge)",
      "optionD": "DML (Data Manipulation Langauge)",
      "multipleAnswers": "false",
      "answerA": "false",
      "answerB": "false",
      "answerC": "false",
      "answerD": "true",
      "category": "dbms",
      "id": 40
    },
    {
      "question": "How can we describe an array in the best possible way?",
      "optionA": "The Array shows a hierarchical structure.",
      "optionB": "Arrays are immutable.",
      "optionC": "Container that stores the elements of similar types",
      "optionD": "The Array is not a data structure",
      "multipleAnswers": "false",
      "answerA": "false",
      "answerB": "false",
      "answerC": "true",
      "answerD": "false",
      "category": "dsa",
      "id": 41
    },
    {
      "question": "Which of the following is the correct way of declaring an array?",
      "optionA": "int javatpoint[10];",
      "optionB": "int javatpoint;",
      "optionC": "javatpoint{20};",
      "optionD": "array javatpoint[10];",
      "multipleAnswers": "false",
      "answerA": "true",
      "answerB": "false",
      "answerC": "false",
      "answerD": "false",
      "category": "dsa",
      "id": 42
    },
    {
      "question": " How can we initialize an array in C language?",
      "optionA": "int arr[2]=(10, 20)",
      "optionB": "int arr(2)={10, 20}",
      "optionC": "int arr[2] = {10, 20}",
      "optionD": "int arr(2) = (10, 20)",
      "multipleAnswers": "false",
      "answerA": "false",
      "answerB": "false",
      "answerC": "true",
      "answerD": "false",
      "category": "dsa",
      "id": 43
    },
    {
      "question": "Which of the following is the advantage of the array data structure?",
      "optionA": "Elements of mixed data types can be stored.",
      "optionB": "Easier to access the elements in an array",
      "optionC": "Index of the first element starts from 1.",
      "optionD": "Elements of an array cannot be sorted",
      "multipleAnswers": "false",
      "answerA": "false",
      "answerB": "true",
      "answerC": "false",
      "answerD": "false",
      "category": "dsa",
      "id": 44
    },
    {
      "question": " Which of the following highly uses the concept of an array?",
      "optionA": "Binary Search tree",
      "optionB": "Caching",
      "optionC": "Spatial locality",
      "optionD": "Scheduling of Processes",
      "multipleAnswers": "false",
      "answerA": "false",
      "answerB": "false",
      "answerC": "true",
      "answerD": "false",
      "category": "dsa",
      "id": 45
    },
    {
      "question": "Which of the following is the disadvantage of the array?",
      "optionA": "Stack and Queue data structures can be implemented through an array.",
      "optionB": "Index of the first element in an array can be negative",
      "optionC": "Wastage of memory if the elements inserted in an array are lesser than the allocated size",
      "optionD": "Elements can be accessed sequentially.",
      "multipleAnswers": "false",
      "answerA": "false",
      "answerB": "false",
      "answerC": "true",
      "answerD": "false",
      "category": "dsa",
      "id": 46
    },
    {
      "question": "Which one of the following is the size of int arr[9] assuming that int is of 4 bytes?",
      "optionA": "9",
      "optionB": "36",
      "optionC": "35",
      "optionD": "None of the above",
      "multipleAnswers": "false",
      "answerA": "false",
      "answerB": "true",
      "answerC": "false",
      "answerD": "false",
      "category": "dsa",
      "id": 47
    },
    {
      "question": "Which one of the following is the process of inserting an element in the stack?",
      "optionA": "Insert",
      "optionB": "Add",
      "optionC": "Push",
      "optionD": "None of the above",
      "multipleAnswers": "false",
      "answerA": "false",
      "answerB": "false",
      "answerC": "true",
      "answerD": "false",
      "category": "dsa",
      "id": 48
    },
    {
      "question": "When the user tries to delete the element from the empty stack then the condition is said to be a ____",
      "optionA": "Underflow",
      "optionB": "Garbage collection",
      "optionC": "Overflow",
      "optionD": "None of the above",
      "multipleAnswers": "false",
      "answerA": "true",
      "answerB": "false",
      "answerC": "false",
      "answerD": "false",
      "category": "dsa",
      "id": 49
    },
    {
      "question": "If the size of the stack is 10 and we try to add the 11th element in the stack then the condition is known as___",
      "optionA": "Underflow",
      "optionB": "Garbage collection",
      "optionC": "Overflow",
      "optionD": "None of the above",
      "multipleAnswers": "false",
      "answerA": "false",
      "answerB": "false",
      "answerC": "true",
      "answerD": "false",
      "category": "dsa",
      "id": 50
    },
    {
      "question": "Which one of the following is not the application of the stack data structure",
      "optionA": "String reversal",
      "optionB": "Recursion",
      "optionC": "Backtracking",
      "optionD": "Asynchronous data transfer",
      "multipleAnswers": "false",
      "answerA": "false",
      "answerB": "false",
      "answerC": "false",
      "answerD": "true",
      "category": "dsa",
      "id": 51
    },
    {
      "question": "Which data structure is mainly used for implementing the recursive algorithm?",
      "optionA": "Queue",
      "optionB": "Stack",
      "optionC": "Binary tree",
      "optionD": "Linked list",
      "multipleAnswers": "false",
      "answerA": "false",
      "answerB": "true",
      "answerC": "false",
      "answerD": "false",
      "category": "dsa",
      "id": 52
    },
    {
      "question": "Which data structure is required to convert the infix to prefix notation?",
      "optionA": "Stack",
      "optionB": "Linked list",
      "optionC": "Binary tree",
      "optionD": "Queue",
      "multipleAnswers": "false",
      "answerA": "true",
      "answerB": "false",
      "answerC": "false",
      "answerD": "false",
      "category": "dsa",
      "id": 53
    },
    {
      "question": "Which of the following is the infix expression?",
      "optionA": "A+B*C",
      "optionB": "+A*BC",
      "optionC": "ABC+*",
      "optionD": "None of the above",
      "multipleAnswers": "false",
      "answerA": "true",
      "answerB": "false",
      "answerC": "false",
      "answerD": "false",
      "category": "dsa",
      "id": 54
    },
    {
      "question": "Which of the following is the prefix form of A+B*C?",
      "optionA": "A+(BC*)",
      "optionB": "+AB*C",
      "optionC": "ABC+*",
      "optionD": "+A*BC",
      "multipleAnswers": "false",
      "answerA": "false",
      "answerB": "false",
      "answerC": "false",
      "answerD": "true",
      "category": "dsa",
      "id": 55
    },
    {
      "question": "Which of the following is not the correct statement for a stack data structure?",
      "optionA": "Arrays can be used to implement the stack",
      "optionB": "Stack follows FIFO",
      "optionC": "Elements are stored in a sequential manner",
      "optionD": "Top of the stack contains the last inserted element",
      "multipleAnswers": "false",
      "answerA": "false",
      "answerB": "true",
      "answerC": "false",
      "answerD": "false",
      "category": "dsa",
      "id": 56
    },
    {
      "question": " If the elements '1', '2', '3' and '4' are added in a stack, so what would be the order for the removal?",
      "optionA": "1234",
      "optionB": "2134",
      "optionC": "4321",
      "optionD": "None of the above",
      "multipleAnswers": "false",
      "answerA": "false",
      "answerB": "false",
      "answerC": "true",
      "answerD": "false",
      "category": "dsa",
      "id": 57
    },
    {
      "question": "What is the outcome of the prefix expression +, -, *, 3, 2, /, 8, 4, 1?",
      "optionA": "12",
      "optionB": "11",
      "optionC": "5",
      "optionD": "4",
      "multipleAnswers": "false",
      "answerA": "false",
      "answerB": "false",
      "answerC": "true",
      "answerD": "false",
      "category": "dsa",
      "id": 58
    },
    {
      "question": " The minimum number of stacks required to implement a stack is __",
      "optionA": "1",
      "optionB": "3",
      "optionC": "2",
      "optionD": "5",
      "multipleAnswers": "false",
      "answerA": "false",
      "answerB": "false",
      "answerC": "true",
      "answerD": "false",
      "category": "dsa",
      "id": 59
    },
    {
      "question": " Which one of the following node is considered the top of the stack if the stack is implemented using the linked list?",
      "optionA": "First node",
      "optionB": "Second node",
      "optionC": "Last node",
      "optionD": "None of the above",
      "multipleAnswers": "false",
      "answerA": "true",
      "answerB": "false",
      "answerC": "false",
      "answerD": "false",
      "category": "dsa",
      "id": 60
    },
    {
      "question": " Which of the following is not an operating system?",
      "optionA": "Windows",
      "optionB": "Linux",
      "optionC": "Oracle",
      "optionD": "DOS",
      "multipleAnswers": "false",
      "answerA": "false",
      "answerB": "false",
      "answerC": "true",
      "answerD": "false",
      "category": "osa",
      "id": 61
    },
    {
      "question": "What is the maximum length of the filename in DOS?",
      "optionA": "4",
      "optionB": "5",
      "optionC": "8",
      "optionD": "12",
      "multipleAnswers": "false",
      "answerA": "false",
      "answerB": "false",
      "answerC": "true",
      "answerD": "false",
      "category": "osa",
      "id": 62
    },
    {
      "question": "When was the first operating system developed?",
      "optionA": "1948",
      "optionB": "1949",
      "optionC": "1950",
      "optionD": "1951",
      "multipleAnswers": "false",
      "answerA": "false",
      "answerB": "false",
      "answerC": "true",
      "answerD": "false",
      "category": "osa",
      "id": 63
    },
    {
      "question": "When were MS windows operating systems proposed?",
      "optionA": "1994",
      "optionB": "1990",
      "optionC": "1992",
      "optionD": "1985",
      "multipleAnswers": "false",
      "answerA": "false",
      "answerB": "false",
      "answerC": "false",
      "answerD": "true",
      "category": "osa",
      "id": 64
    },
    {
      "question": "Which of the following is the extension of Notepad?",
      "optionA": ".txt",
      "optionB": ".xls",
      "optionC": ".ppt",
      "optionD": ".bmp",
      "multipleAnswers": "false",
      "answerA": "true",
      "answerB": "false",
      "answerC": "false",
      "answerD": "false",
      "category": "osa",
      "id": 65
    },
    {
      "question": "What else is a command interpreter called?",
      "optionA": "prompt",
      "optionB": "kernel",
      "optionC": "shell",
      "optionD": "command",
      "multipleAnswers": "false",
      "answerA": "false",
      "answerB": "false",
      "answerC": "true",
      "answerD": "false",
      "category": "osa",
      "id": 66
    },
    {
      "question": "What is the full name of FAT?",
      "optionA": "File attribute table",
      "optionB": "File allocation table",
      "optionC": "Font attribute table",
      "optionD": "Format allocation table",
      "multipleAnswers": "false",
      "answerA": "false",
      "answerB": "true",
      "answerC": "false",
      "answerD": "false",
      "category": "osa",
      "id": 67
    },
    {
      "question": " BIOS is used?",
      "optionA": "By operating system",
      "optionB": "By compiler",
      "optionC": "By interpreter",
      "optionD": "By application software",
      "multipleAnswers": "false",
      "answerA": "true",
      "answerB": "false",
      "answerC": "false",
      "answerD": "false",
      "category": "osa",
      "id": 68
    },
    {
      "question": " What is the mean of the Booting in the operating system?",
      "optionA": "Restarting computer",
      "optionB": "Install the program",
      "optionC": "To scan",
      "optionD": "To turn off",
      "multipleAnswers": "false",
      "answerA": "true",
      "answerB": "false",
      "answerC": "false",
      "answerD": "false",
      "category": "osa",
      "id": 69
    },
    {
      "question": "When does page fault occur?",
      "optionA": "The page is present in memory.",
      "optionB": "The deadlock occurs.",
      "optionC": "The page does not present in memory.",
      "optionD": "The buffering occurs.",
      "multipleAnswers": "false",
      "answerA": "false",
      "answerB": "false",
      "answerC": "true",
      "answerD": "false",
      "category": "osa",
      "id": 70
    },
    {
      "question": "Banker's algorithm is used?",
      "optionA": "To prevent deadlock",
      "optionB": "To deadlock recovery",
      "optionC": "To solve the deadlock",
      "optionD": "None of these",
      "multipleAnswers": "false",
      "answerA": "true",
      "answerB": "false",
      "answerC": "false",
      "answerD": "false",
      "category": "osa",
      "id": 71
    },
    {
      "question": " When you delete a file in your computer, where does it go?",
      "optionA": "Recycle bin",
      "optionB": "Hard disk",
      "optionC": "Taskbar",
      "optionD": "None of these",
      "multipleAnswers": "false",
      "answerA": "true",
      "answerB": "false",
      "answerC": "false",
      "answerD": "false",
      "category": "osa",
      "id": 72
    },
    {
      "question": "Which is the Linux operating system?",
      "optionA": "Private operating system",
      "optionB": "Windows operating system",
      "optionC": "Open-source operating system",
      "optionD": "None of these",
      "multipleAnswers": "false",
      "answerA": "false",
      "answerB": "false",
      "answerC": "true",
      "answerD": "false",
      "category": "osa",
      "id": 73
    },
    {
      "question": "What is the full name of the DSM?",
      "optionA": "Direct system module",
      "optionB": "Direct system memory",
      "optionC": "Demoralized system memory",
      "optionD": "Distributed shared memory",
      "multipleAnswers": "false",
      "answerA": "false",
      "answerB": "false",
      "answerC": "false",
      "answerD": "true",
      "category": "osa",
      "id": 74
    },
    {
      "question": "What is the full name of the IDL?",
      "optionA": "Interface definition language",
      "optionB": "Interface direct language",
      "optionC": "Interface data library",
      "optionD": "None of these",
      "multipleAnswers": "false",
      "answerA": "true",
      "answerB": "false",
      "answerC": "false",
      "answerD": "false",
      "category": "osa",
      "id": 75
    },
    {
      "question": "What is bootstrapping called?",
      "optionA": "Cold boot",
      "optionB": "Cold hot boot",
      "optionC": "Cold hot strap",
      "optionD": "Hot boot",
      "multipleAnswers": "false",
      "answerA": "true",
      "answerB": "false",
      "answerC": "false",
      "answerD": "false",
      "category": "osa",
      "id": 76
    },
    {
      "question": "What is the fence register used for?",
      "optionA": "To disk protection",
      "optionB": "To CPU protection",
      "optionC": "To memory protection",
      "optionD": "None of these",
      "multipleAnswers": "false",
      "answerA": "false",
      "answerB": "false",
      "answerC": "true",
      "answerD": "false",
      "category": "osa",
      "id": 77
    },
    {
      "question": "If the page size increases, the internal fragmentation is also?..?",
      "optionA": "Decreases",
      "optionB": "Increases",
      "optionC": "Remains constant",
      "optionD": "None of these",
      "multipleAnswers": "false",
      "answerA": "false",
      "answerB": "true",
      "answerC": "false",
      "answerD": "false",
      "category": "osa",
      "id": 78
    },
    {
      "question": "Which of the following is a single-user operating system?",
      "optionA": "Windows",
      "optionB": "MAC",
      "optionC": "Ms-Dos",
      "optionD": "None of these",
      "multipleAnswers": "false",
      "answerA": "false",
      "answerB": "false",
      "answerC": "true",
      "answerD": "false",
      "category": "osa",
      "id": 79
    },
    {
      "question": "The size of virtual memory is based on which of the following?",
      "optionA": "CPU",
      "optionB": "RAM",
      "optionC": "Address bus",
      "optionD": "Data bus",
      "multipleAnswers": "false",
      "answerA": "false",
      "answerB": "false",
      "answerC": "true",
      "answerD": "false",
      "category": "osa",
      "id": 80
    },
    {
      "question": "Who invented C++?",
      "optionA": "Dennis Ritchie",
      "optionB": " Ken Thompson",
      "optionC": "Brian Kernighan",
      "optionD": "Bjarne Stroustrup",
      "multipleAnswers": "false",
      "answerA": "false",
      "answerB": "false",
      "answerC": "false",
      "answerD": "true",
      "category": "cpp",
      "id": 81
    },
    {
      "question": "What is C++?",
      "optionA": " C++ is an object oriented programming language",
      "optionB": "C++ is a procedural programming language",
      "optionC": "C++ supports both procedural and object oriented programming language",
      "optionD": "C++ is a functional programming language",
      "multipleAnswers": "false",
      "answerA": "false",
      "answerB": "false",
      "answerC": "true",
      "answerD": "false",
      "category": "cpp",
      "id": 82
    },
    {
      "question": "Which of the following is the correct syntax of including a user defined header files in C++?",
      "optionA": "#include [userdefined]",
      "optionB": "#include “userdefined”",
      "optionC": "#include <userdefined.h>",
      "optionD": "#include <userdefined>",
      "multipleAnswers": "false",
      "answerA": "false",
      "answerB": "true",
      "answerC": "false",
      "answerD": "false",
      "category": "cpp",
      "id": 83
    },
    {
      "question": "Which of the following is used for comments in C++?",
      "optionA": " /* comment */",
      "optionB": "// comment */",
      "optionC": "// comment",
      "optionD": "both // comment or /* comment */",
      "multipleAnswers": "false",
      "answerA": "false",
      "answerB": "false",
      "answerC": "false",
      "answerD": "true",
      "category": "cpp",
      "id": 84
    },
    {
      "question": "Which of the following user-defined header file extension used in c++?",
      "optionA": "hg",
      "optionB": " cpp",
      "optionC": "h",
      "optionD": "hf",
      "multipleAnswers": "false",
      "answerA": "false",
      "answerB": "false",
      "answerC": "true",
      "answerD": "false",
      "category": "cpp",
      "id": 85
    },
    {
      "question": "Which of the following is a correct identifier in C++?",
      "optionA": "VAR_1234",
      "optionB": " $var_name",
      "optionC": "7VARNAME",
      "optionD": "7var_name",
      "multipleAnswers": "false",
      "answerA": "true",
      "answerB": "false",
      "answerC": "false",
      "answerD": "false",
      "category": "cpp",
      "id": 86
    },
    {
      "question": " Which of the following is not a type of Constructor in C++?",
      "optionA": "Default constructor",
      "optionB": "Parameterized constructor",
      "optionC": "Copy constructor",
      "optionD": "Friend constructor",
      "multipleAnswers": "false",
      "answerA": "false",
      "answerB": "false",
      "answerC": "false",
      "answerD": "true",
      "category": "cpp",
      "id": 87
    },
    {
      "question": "Which of the following approach is used by C++?",
      "optionA": "Left-right",
      "optionB": "Right-left",
      "optionC": " Bottom-up",
      "optionD": "Top-down",
      "multipleAnswers": "false",
      "answerA": "false",
      "answerB": "false",
      "answerC": "true",
      "answerD": "false",
      "category": "cpp",
      "id": 88
    },
    {
      "question": "What is virtual inheritance in C++?",
      "optionA": "C++ technique to enhance multiple inheritance",
      "optionB": " C++ technique to ensure that a private member of the base class can be accessed somehow",
      "optionC": "C++ technique to avoid multiple inheritances of classes",
      "optionD": "C++ technique to avoid multiple copies of the base class into children/derived class",
      "multipleAnswers": "false",
      "answerA": "false",
      "answerB": "false",
      "answerC": "false",
      "answerD": "true",
      "category": "cpp",
      "id": 89
    },
    {
      "question": " What is the difference between delete and delete[] in C++?",
      "optionA": "delete is syntactically correct but delete[] is wrong and hence will give an error if used in any case",
      "optionB": "delete is used to delete normal objects whereas delete[] is used to pointer objects",
      "optionC": "delete is a keyword whereas delete[] is an identifier",
      "optionD": "delete is used to delete single object whereas delete[] is used to multiple(array/pointer of) objects",
      "multipleAnswers": "false",
      "answerA": "false",
      "answerB": "false",
      "answerC": "false",
      "answerD": "true",
      "category": "cpp",
      "id": 90
    },
    {
      "question": "Which of the following is correct about this pointer in C++?",
      "optionA": "this pointer is passed as a hidden argument in all static variables of a class",
      "optionB": " this pointer is passed as a hidden argument in all the functions of a class",
      "optionC": " this pointer is passed as a hidden argument in all non-static functions of a class",
      "optionD": " this pointer is passed as a hidden argument in all static functions of a class View Answer",
      "multipleAnswers": "false",
      "answerA": "false",
      "answerB": "false",
      "answerC": "true",
      "answerD": "false",
      "category": "cpp",
      "id": 91
    },
    {
      "question": "Which of the following type is provided by C++ but not C?",
      "optionA": " double",
      "optionB": " float",
      "optionC": " int",
      "optionD": "bool",
      "multipleAnswers": "false",
      "answerA": "false",
      "answerB": "false",
      "answerC": "false",
      "answerD": "true",
      "category": "cpp",
      "id": 92
    },
    {
      "question": "By default, all the files in C++ are opened in _________ mode.",
      "optionA": "Binary",
      "optionB": "VTC",
      "optionC": "Text",
      "optionD": " ISCII",
      "multipleAnswers": "false",
      "answerA": "false",
      "answerB": "false",
      "answerC": "true",
      "answerD": "false",
      "category": "cpp",
      "id": 93
    },
    {
      "question": "Which of the following correctly declares an array in C++?",
      "optionA": "array{10};",
      "optionB": " array array[10];",
      "optionC": " int array;",
      "optionD": "int array[10];",
      "multipleAnswers": "false",
      "answerA": "false",
      "answerB": "false",
      "answerC": "false",
      "answerD": "true",
      "category": "cpp",
      "id": 94
    },
    {
      "question": "What is the size of wchar_t in C++?",
      "optionA": " Based on the number of bits in the system",
      "optionB": "2 or 4",
      "optionC": " 4",
      "optionD": "2",
      "multipleAnswers": "false",
      "answerA": "true",
      "answerB": "false",
      "answerC": "false",
      "answerD": "false",
      "category": "cpp",
      "id": 95
    },
    {
      "question": "What is the use of the indentation in c++?",
      "optionA": "r distinguishes between comments and inner data",
      "optionB": "distinguishes between comments and outer data",
      "optionC": "distinguishes between comments and code",
      "optionD": "r distinguishes between comments and outer data",
      "multipleAnswers": "false",
      "answerA": "false",
      "answerB": "false",
      "answerC": "true",
      "answerD": "false",
      "category": "cpp",
      "id": 96
    },
    {
      "question": "Which is more effective while calling the C++ functions?",
      "optionA": "call by object",
      "optionB": "call by pointer",
      "optionC": " call by value",
      "optionD": "call by reference",
      "multipleAnswers": "false",
      "answerA": "false",
      "answerB": "false",
      "answerC": "false",
      "answerD": "true",
      "category": "cpp",
      "id": 97
    },
    {
      "question": "Which of the following is used to terminate the function declaration in C++?",
      "optionA": " ;",
      "optionB": "]",
      "optionC": " )",
      "optionD": " :",
      "multipleAnswers": "false",
      "answerA": "true",
      "answerB": "false",
      "answerC": "false",
      "answerD": "false",
      "category": "cpp",
      "id": 98
    },
    {
      "question": "Which keyword is used to define the macros in c++?",
      "optionA": "#macro",
      "optionB": "#define",
      "optionC": " macro",
      "optionD": "define",
      "multipleAnswers": "false",
      "answerA": "false",
      "answerB": "true",
      "answerC": "false",
      "answerD": "false",
      "category": "cpp",
      "id": 99
    },
    {
      "question": "The C++ code which causes abnormal termination/behaviour of a program should be written under _________ block.",
      "optionA": " catch",
      "optionB": "throw",
      "optionC": "try",
      "optionD": "finally",
      "multipleAnswers": "false",
      "answerA": "false",
      "answerB": "false",
      "answerC": "true",
      "answerD": "false",
      "category": "cpp",
      "id": 100
    },
    {
      "question": "Who developed Python Programming Language?",
      "optionA": "Wick van Rossum",
      "optionB": "Rasmus Lerdorf",
      "optionC": "Guido van Rossum",
      "optionD": " Niene Stom",
      "multipleAnswers": "false",
      "answerA": "false",
      "answerB": "false",
      "answerC": "true",
      "answerD": "false",
      "category": "python",
      "id": 101
    },
    {
      "question": "Which type of Programming does Python support?",
      "optionA": "object-oriented programming",
      "optionB": "structured programming",
      "optionC": "functional programming",
      "optionD": "all of the mentioned",
      "multipleAnswers": "false",
      "answerA": "false",
      "answerB": "false",
      "answerC": "false",
      "answerD": "true",
      "category": "python",
      "id": 102
    },
    {
      "question": "Is Python case sensitive when dealing with identifiers?",
      "optionA": " no",
      "optionB": "yes",
      "optionC": "machine dependent",
      "optionD": "none of the mentioned",
      "multipleAnswers": "false",
      "answerA": "false",
      "answerB": "true",
      "answerC": "false",
      "answerD": "false",
      "category": "python",
      "id": 103
    },
    {
      "question": "Which of the following is the correct extension of the Python file?",
      "optionA": " .python",
      "optionB": ".pl",
      "optionC": ".py",
      "optionD": ".p",
      "multipleAnswers": "false",
      "answerA": "false",
      "answerB": "false",
      "answerC": "true",
      "answerD": "false",
      "category": "python",
      "id": 104
    },
    {
      "question": "Is Python code compiled or interpreted?",
      "optionA": "Python code is both compiled and interpreted",
      "optionB": " Python code is neither compiled nor interpreted",
      "optionC": " Python code is only compiled",
      "optionD": "Python code is only interpreted",
      "multipleAnswers": "false",
      "answerA": "true",
      "answerB": "false",
      "answerC": "false",
      "answerD": "false",
      "category": "python",
      "id": 105
    },
    {
      "question": " All keywords in Python are in _________",
      "optionA": "Capitalized",
      "optionB": "lower case",
      "optionC": "UPPER CASE",
      "optionD": " None of the mentioned",
      "multipleAnswers": "false",
      "answerA": "false",
      "answerB": "false",
      "answerC": "false",
      "answerD": "true",
      "category": "python",
      "id": 106
    },
    {
      "question": " Which of the following is used to define a block of code in Python language?",
      "optionA": "Indentation",
      "optionB": "Key",
      "optionC": "Brackets",
      "optionD": " All of the mentioned",
      "multipleAnswers": "false",
      "answerA": "true",
      "answerB": "false",
      "answerC": "false",
      "answerD": "false",
      "category": "python",
      "id": 107
    },
    {
      "question": "Which keyword is used for function in Python language?",
      "optionA": "Function",
      "optionB": "def",
      "optionC": " Fun",
      "optionD": "Define",
      "multipleAnswers": "false",
      "answerA": "false",
      "answerB": "true",
      "answerC": "false",
      "answerD": "false",
      "category": "python",
      "id": 108
    },
    {
      "question": " Which of the following character is used to give single-line comments in Python?",
      "optionA": "//",
      "optionB": "#",
      "optionC": " !",
      "optionD": " /*",
      "multipleAnswers": "false",
      "answerA": "false",
      "answerB": "true",
      "answerC": "false",
      "answerD": "false",
      "category": "python",
      "id": 109
    },
    {
      "question": "Which of the following functions can help us to find the version of python that we are currently working on?",
      "optionA": "sys.version(1)",
      "optionB": " sys.version(0)",
      "optionC": "sys.version()",
      "optionD": "sys.version",
      "multipleAnswers": "false",
      "answerA": "false",
      "answerB": "false",
      "answerC": "false",
      "answerD": "true",
      "category": "python",
      "id": 110
    },
    {
      "question": "Python supports the creation of anonymous functions at runtime, using a construct called __________",
      "optionA": " pi",
      "optionB": "anonymous",
      "optionC": "lambda",
      "optionD": "none of the mentioned",
      "multipleAnswers": "false",
      "answerA": "false",
      "answerB": "false",
      "answerC": "true",
      "answerD": "false",
      "category": "python",
      "id": 111
    },
    {
      "question": "What is the order of precedence in python?",
      "optionA": "Exponential, Parentheses, Multiplication, Division, Addition, Subtraction",
      "optionB": "Exponential, Parentheses, Division, Multiplication, Addition, Subtraction",
      "optionC": "Parentheses, Exponential, Multiplication, Division, Subtraction, Addition",
      "optionD": "Parentheses, Exponential, Multiplication, Division, Addition, Subtraction",
      "multipleAnswers": "false",
      "answerA": "false",
      "answerB": "false",
      "answerC": "false",
      "answerD": "true",
      "category": "python",
      "id": 112
    },
    {
      "question": "What does pip stand for python?",
      "optionA": "Pip Installs Python",
      "optionB": "Pip Installs Packages",
      "optionC": "Preferred Installer Program",
      "optionD": "All of the mentioned",
      "multipleAnswers": "false",
      "answerA": "false",
      "answerB": "false",
      "answerC": "true",
      "answerD": "false",
      "category": "python",
      "id": 113
    },
    {
      "question": "Which of the following is true for variable names in Python?",
      "optionA": "underscore and ampersand are the only two special characters allowed",
      "optionB": "unlimited length",
      "optionC": "all private members must have leading and trailing underscores",
      "optionD": "none of the mentioned",
      "multipleAnswers": "false",
      "answerA": "false",
      "answerB": "true",
      "answerC": "false",
      "answerD": "false",
      "category": "python",
      "id": 114
    },
    {
      "question": "Which of the following is the truncation division operator in Python?",
      "optionA": " |",
      "optionB": " //",
      "optionC": " /",
      "optionD": "%",
      "multipleAnswers": "false",
      "answerA": "false",
      "answerB": "true",
      "answerC": "false",
      "answerD": "false",
      "category": "python",
      "id": 115
    },
    {
      "question": "Which of the following functions is a built-in function in python?",
      "optionA": "factorial()",
      "optionB": " print()",
      "optionC": " seed()",
      "optionD": "sqrt()",
      "multipleAnswers": "false",
      "answerA": "false",
      "answerB": "true",
      "answerC": "false",
      "answerD": "false",
      "category": "python",
      "id": 116
    },
    {
      "question": "Which of the following is the use of id() function in python?",
      "optionA": "Every object doesn’t have a unique id",
      "optionB": "Id returns the identity of the object",
      "optionC": "All of the mentioned",
      "optionD": "None of the mentioned",
      "multipleAnswers": "false",
      "answerA": "false",
      "answerB": "true",
      "answerC": "false",
      "answerD": "false",
      "category": "python",
      "id": 117
    },
    {
      "question": "Which of the following is not a core data type in Python programming?",
      "optionA": " Tuples",
      "optionB": "Lists",
      "optionC": "Class",
      "optionD": " Dictionary",
      "multipleAnswers": "false",
      "answerA": "false",
      "answerB": "false",
      "answerC": "true",
      "answerD": "false",
      "category": "python",
      "id": 118
    },
    {
      "question": "Which of these is the definition for packages in Python?",
      "optionA": " A set of main modules",
      "optionB": "A folder of python modules",
      "optionC": "A number of files containing Python definitions and statements",
      "optionD": "A set of programs making use of Python modules",
      "multipleAnswers": "false",
      "answerA": "false",
      "answerB": "true",
      "answerC": "false",
      "answerD": "false",
      "category": "python",
      "id": 119
    },
    {
      "question": "Which one of the following is not a keyword in Python language?",
      "optionA": "pass",
      "optionB": "eval",
      "optionC": "assert",
      "optionD": "nonlocal",
      "multipleAnswers": "false",
      "answerA": "false",
      "answerB": "true",
      "answerC": "false",
      "answerD": "false",
      "category": "python",
      "id": 120
    },
    {
      "question": "Who invented Java Programming?",
      "optionA": "Guido van Rossum",
      "optionB": "James Gosling",
      "optionC": "Dennis Ritchie",
      "optionD": "Bjarne Stroustrup",
      "multipleAnswers": "false",
      "answerA": "false",
      "answerB": "true",
      "answerC": "false",
      "answerD": "false",
      "category": "java",
      "id": 121
    },
    {
      "question": "Which statement is true about Java?",
      "optionA": "Java is a sequence-dependent programming language",
      "optionB": "Java is a code dependent programming language",
      "optionC": "Java is a platform-dependent programming language",
      "optionD": "Java is a platform-independent programming language",
      "multipleAnswers": "false",
      "answerA": "false",
      "answerB": "false",
      "answerC": "false",
      "answerD": "true",
      "category": "java",
      "id": 122
    },
    {
      "question": " Which component is used to compile, debug and execute the java programs?",
      "optionA": "JRE",
      "optionB": "JIT",
      "optionC": " JDK",
      "optionD": "JVM",
      "multipleAnswers": "false",
      "answerA": "false",
      "answerB": "false",
      "answerC": "true",
      "answerD": "false",
      "category": "java",
      "id": 123
    },
    {
      "question": "Which one of the following is not a Java feature?",
      "optionA": "Object-oriented",
      "optionB": "Use of pointers",
      "optionC": " Portable",
      "optionD": "Dynamic and Extensible",
      "multipleAnswers": "false",
      "answerA": "false",
      "answerB": "true",
      "answerC": "false",
      "answerD": "false",
      "category": "java",
      "id": 124
    },
    {
      "question": "What is the extension of java code files?",
      "optionA": ".js",
      "optionB": " .txt",
      "optionC": " .class",
      "optionD": ".java",
      "multipleAnswers": "false",
      "answerA": "false",
      "answerB": "false",
      "answerC": "false",
      "answerD": "true",
      "category": "java",
      "id": 125
    },
    {
      "question": "Which environment variable is used to set the java path?",
      "optionA": "MAVEN_Path",
      "optionB": "JavaPATH",
      "optionC": "JAVA",
      "optionD": " JAVA_HOME",
      "multipleAnswers": "false",
      "answerA": "false",
      "answerB": "false",
      "answerC": "false",
      "answerD": "true",
      "category": "java",
      "id": 126
    },
    {
      "question": "Which of the following is not an OOPS concept in Java?",
      "optionA": "Polymorphism",
      "optionB": "Inheritance",
      "optionC": " Compilation",
      "optionD": "Encapsulation",
      "multipleAnswers": "false",
      "answerA": "false",
      "answerB": "false",
      "answerC": "true",
      "answerD": "false",
      "category": "java",
      "id": 127
    },
    {
      "question": "What is not the use of “this” keyword in Java?",
      "optionA": "Referring to the instance variable when a local variable has the same name",
      "optionB": "Passing itself to the method of the same class",
      "optionC": "Passing itself to another method",
      "optionD": "Calling another constructor in constructor chaining",
      "multipleAnswers": "false",
      "answerA": "false",
      "answerB": "true",
      "answerC": "false",
      "answerD": "false",
      "category": "java",
      "id": 128
    },
    {
      "question": "Which of the following is a type of polymorphism in Java Programming?",
      "optionA": "Multiple polymorphism",
      "optionB": "Compile time polymorphism",
      "optionC": "Multilevel polymorphism",
      "optionD": "Execution time polymorphism",
      "multipleAnswers": "false",
      "answerA": "false",
      "answerB": "true",
      "answerC": "false",
      "answerD": "false",
      "category": "java",
      "id": 129
    },
    {
      "question": "What is Truncation in Java?",
      "optionA": "Floating-point value assigned to a Floating type",
      "optionB": "Floating-point value assigned to an integer type",
      "optionC": "Integer value assigned to floating type",
      "optionD": " Integer value assigned to floating type",
      "multipleAnswers": "false",
      "answerA": "false",
      "answerB": "true",
      "answerC": "false",
      "answerD": "false",
      "category": "java",
      "id": 130
    },
    {
      "question": "What is the extension of compiled java classes?",
      "optionA": " .txt",
      "optionB": ".js",
      "optionC": ".class",
      "optionD": " .java",
      "multipleAnswers": "false",
      "answerA": "false",
      "answerB": "false",
      "answerC": "true",
      "answerD": "false",
      "category": "java",
      "id": 131
    },
    {
      "question": "Which exception is thrown when java is out of memory?",
      "optionA": "MemoryError",
      "optionB": " OutOfMemoryError",
      "optionC": "MemoryOutOfBoundsException",
      "optionD": "MemoryFullException",
      "multipleAnswers": "false",
      "answerA": "false",
      "answerB": "true",
      "answerC": "false",
      "answerD": "false",
      "category": "java",
      "id": 132
    },
    {
      "question": "Which of these are selection statements in Java?",
      "optionA": "break",
      "optionB": "continue",
      "optionC": " for()",
      "optionD": "if()",
      "multipleAnswers": "false",
      "answerA": "false",
      "answerB": "false",
      "answerC": "false",
      "answerD": "true",
      "category": "java",
      "id": 133
    },
    {
      "question": "Which of these keywords is used to define interfaces in Java?",
      "optionA": "intf",
      "optionB": "Intf",
      "optionC": " interface",
      "optionD": "Interface",
      "multipleAnswers": "false",
      "answerA": "false",
      "answerB": "false",
      "answerC": "true",
      "answerD": "false",
      "category": "java",
      "id": 134
    },
    {
      "question": "Which of the following is a superclass of every class in Java?",
      "optionA": "ArrayList",
      "optionB": "Abstract class",
      "optionC": "Object class",
      "optionD": "String",
      "multipleAnswers": "false",
      "answerA": "false",
      "answerB": "false",
      "answerC": "true",
      "answerD": "false",
      "category": "java",
      "id": 135
    },
    {
      "question": "Which of the below is not a Java Profiler?",
      "optionA": "JProfiler",
      "optionB": "Eclipse Profiler",
      "optionC": "JVM",
      "optionD": "JConsole",
      "multipleAnswers": "false",
      "answerA": "false",
      "answerB": "false",
      "answerC": "true",
      "answerD": "false",
      "category": "java",
      "id": 136
    },
    {
      "question": "Which of these packages contains the exception Stack Overflow in Java?",
      "optionA": "java.io",
      "optionB": "java.system",
      "optionC": "java.lang",
      "optionD": "java.util",
      "multipleAnswers": "false",
      "answerA": "false",
      "answerB": "false",
      "answerC": "true",
      "answerD": "false",
      "category": "java",
      "id": 137
    },
    {
      "question": "Which of these keywords are used for the block to be examined for exceptions?",
      "optionA": "check",
      "optionB": "throw",
      "optionC": "catch",
      "optionD": "try",
      "multipleAnswers": "false",
      "answerA": "false",
      "answerB": "false",
      "answerC": "false",
      "answerD": "true",
      "category": "java",
      "id": 138
    },
    {
      "question": "Which one of the following is not an access modifier?",
      "optionA": "Protected",
      "optionB": "Void",
      "optionC": "Public",
      "optionD": "Private",
      "multipleAnswers": "false",
      "answerA": "false",
      "answerB": "true",
      "answerC": "false",
      "answerD": "false",
      "category": "java",
      "id": 139
    },
    {
      "question": "What is the numerical range of a char data type in Java?",
      "optionA": "0 to 256",
      "optionB": " -128 to 127",
      "optionC": "0 to 65535",
      "optionD": "0 to 32767",
      "multipleAnswers": "false",
      "answerA": "false",
      "answerB": "false",
      "answerC": "true",
      "answerD": "false",
      "category": "java",
      "id": 140
    }
  ]
}